5ef85401ea9cb3e35b95eb54fc6d70a95af5b15cf96d8a7d341ad1447801b6eb	hot/5ef85401ea9cb3e35b95eb54fc6d70a95af5b15cf96d8a7d341ad1447801b6eb.blob
d4bf3c2960719587cd48ebec0aad1788f4d7fea602b67b2667f498f91ba1d09f	hot/d4bf3c2960719587cd48ebec0aad1788f4d7fea602b67b2667f498f91ba1d09f.blob
ab30f85038c853200c044beed5232e4a7d724987b63fa7369ccec2ffe8996932	hot/ab30f85038c853200c044beed5232e4a7d724987b63fa7369ccec2ffe8996932.blob
576a14c04661749a8d74f113f19e7840997f5dac4c233571c04d5f72585d3f09	hot/576a14c04661749a8d74f113f19e7840997f5dac4c233571c04d5f72585d3f09.blob
71ce21904246e19ae973e762de97428b8504f58e54c53b8889c60493e729358d	hot/71ce21904246e19ae973e762de97428b8504f58e54c53b8889c60493e729358d.blob
425ffe0ad2238b9070f5fbf6acebdbb44167b964cb9346f2e0aac492d5e338fd	hot/425ffe0ad2238b9070f5fbf6acebdbb44167b964cb9346f2e0aac492d5e338fd.blob
3ff6001c49f292e946040c52c7b1203b7fbbaa0cd5d071896181bf8c265fb5c6	hot/3ff6001c49f292e946040c52c7b1203b7fbbaa0cd5d071896181bf8c265fb5c6.blob
981af8fcae95fbdc97523b3ef47b12bdb5e0f33e59d3e8c852c575e00452c71a	hot/981af8fcae95fbdc97523b3ef47b12bdb5e0f33e59d3e8c852c575e00452c71a.blob
59def616323013a9f1753fafc92b0a6112ed99fa6dd453e7896d42a2ab50cbed	hot/59def616323013a9f1753fafc92b0a6112ed99fa6dd453e7896d42a2ab50cbed.blob
ad5cc98103f2652e96dd4ef463f7a18db13bc51d12ddbdb99512e23f4525388a	hot/ad5cc98103f2652e96dd4ef463f7a18db13bc51d12ddbdb99512e23f4525388a.blob
7ba53b9e257bd01c70c6173ebe490b6e5734b32ebb0765180cf0c636c91ce072	hot/7ba53b9e257bd01c70c6173ebe490b6e5734b32ebb0765180cf0c636c91ce072.blob
e1d67c79b95bf6aa05351d5918ea672dd486ddd34e983ab8c7dfa98e3e5856cf	hot/e1d67c79b95bf6aa05351d5918ea672dd486ddd34e983ab8c7dfa98e3e5856cf.blob
183075fdc30318d5d844413373272a62a1aed5c36ac46f7d91b689c62ef333d5	hot/183075fdc30318d5d844413373272a62a1aed5c36ac46f7d91b689c62ef333d5.blob
